condition,position,frame,flow_u,flow_v,magnitude
REF,101,0,0.7710903,-1.6080626,0.5051661
REF,101,2,0.8557029,-1.4311653,0.4500219
REF,101,4,-1.8593919,-1.3947494,0.5325514
REF,101,6,-0.581655,2.659772,0.9992731
REF,101,8,-5.4830585,-3.1206322,0.6706131
REF,101,10,-2.3980927,-0.8646756,0.47379413
REF,101,12,-0.6798975,-1.2606596,1.1846266
REF,101,14,1.2027644,-1.1086653,0.34650174
REF,101,16,0.27875286,1.4945204,0.591526
REF,101,18,-0.6934818,-0.06538815,0.5240581
REF,101,20,-0.82210666,-0.36417803,0.3167599
REF,101,22,-0.69323754,0.018228598,0.31662014
REF,101,24,6.7869906,-1.1876851,0.97245777
REF,101,26,-0.49290064,0.46544167,0.38229162
REF,101,28,-0.257275,0.428871,0.3885091
REF,101,30,1.9785542,3.348276,1.9047148
REF,101,32,0.09252153,-0.2962726,0.5935706
REF,101,34,0.99650556,-2.696402,0.7598273
REF,101,36,0.34407684,-1.3520756,0.54852504
REF,101,38,-0.3326888,0.73140657,0.36268872
REF,101,40,-0.26455322,0.87162584,0.39195904
REF,101,42,-0.48676932,0.22498588,0.36797702
REF,101,44,-0.24805583,0.9130088,0.40873072
REF,101,46,1.7098033,2.0787885,0.8123706
REF,101,48,-1.016659,-1.0384929,0.50697
REF,101,50,-0.40414742,-0.92666143,0.6629266
REF,101,52,-0.3365737,-0.0038332075,0.43855363
REF,101,54,-4.6627502,2.138642,0.94191265
REF,101,56,-0.14890866,0.51073694,0.34709558
REF,101,58,0.5406868,-2.9095871,0.95039135
REF,101,60,-0.82400465,0.29915172,0.47951856
REF,101,62,-0.22592229,-0.71500176,0.6542594
REF,101,64,0.58940035,-1.5535198,0.52943766
REF,101,66,0.9355807,0.9375588,0.6196156
REF,101,68,-0.02217788,0.43480363,0.43582937
REF,101,70,-1.3964295,-2.2394853,0.68146664
REF,101,72,0.2782062,1.0429491,0.6661585
REF,101,74,-4.4290724,1.2261482,1.2617295
REF,101,76,1.1106129,0.97200114,1.0359873
REF,101,78,-1.8843994,3.6164508,1.0778804
REF,101,80,-0.29486328,0.17061387,0.5297798
REF,101,82,1.7588526,4.6679616,1.1549119
REF,101,84,-0.46396753,0.06978312,0.4620448
REF,101,86,-0.9212485,0.14730313,0.7251146
REF,101,88,0.2430224,0.2681276,0.6774235
REF,101,90,-3.9750621,-8.286932,2.6679144
REF,101,92,-0.41767433,0.19332993,0.38952467
REF,101,94,-0.40390724,0.35166988,0.4443235
REF,101,96,-0.30244982,0.12564173,0.4048785
REF,101,98,1.4235125,0.5970729,1.1028416
REF,101,100,-0.030853065,-0.43309492,0.68250054
REF,101,102,-0.11106444,0.9224105,0.5165055
REF,101,104,-0.3851287,0.39101,0.5157523
REF,101,106,1.280703,-2.0868244,0.9018135
REF,101,108,-0.66158545,-0.067657955,0.60184264
REF,102,0,-0.6248978,0.95013887,0.3221939
REF,102,2,1.0811508,-0.10104805,0.4121196
REF,102,4,-1.0601381,-1.9687257,0.7751294
REF,102,6,0.57555264,1.1223406,0.5356082
REF,102,8,1.5300293,-0.6487402,0.33328316
REF,102,10,-0.7953701,-1.0571259,0.3378937
REF,102,12,-0.36646312,0.5652902,0.2782578
REF,102,14,-0.032389462,-0.2809978,0.26823533
REF,102,16,-0.2348665,-0.099852294,0.21171664
REF,102,18,-0.31058827,-0.21496241,0.2484573
REF,102,20,-0.6394918,0.43375352,0.27372643
REF,102,22,-0.12508987,-0.49518725,0.2897965
REF,102,24,0.6246617,-1.1438811,0.4066027
REF,102,26,0.12031614,-3.1915298,0.6290112
REF,102,28,-0.5427883,-1.0961032,0.31202123
REF,102,30,-0.11928668,0.6250467,0.3549167
REF,102,32,-0.22532387,-0.9873898,0.3880155
REF,102,34,-0.8943567,-3.6067982,1.0620934
REF,102,36,-0.59100556,-0.9719666,0.28856725
REF,102,38,-1.1304533,0.92482376,1.0980114
REF,102,40,-0.6455672,0.185831,0.27477196
REF,102,42,-0.1952424,0.87652093,0.34860525
REF,102,44,0.084661074,0.31509507,0.47553855
REF,102,46,0.06849539,0.35743213,0.41392836
REF,102,48,-0.32029694,-0.042326547,0.26901993
REF,102,50,-0.24192715,0.6235397,0.24141657
REF,102,52,-1.4195032,0.13265337,0.3799727
REF,102,54,-0.3123797,2.687852,0.6118039
REF,102,56,-0.4083905,0.20689417,0.2342259
REF,102,58,-0.41105753,0.3363985,0.3162899
REF,102,60,-0.8295089,-0.11136949,0.39254224
REF,102,62,0.4275146,0.24062368,0.57414436
REF,102,64,-0.40397477,-0.059136726,0.30918756
REF,102,66,0.8239042,0.3934757,0.6374996
REF,102,68,2.2458622,0.3910209,1.6306169
REF,102,70,-0.42057246,-0.6940371,0.5779022
REF,102,72,-0.68678993,0.8578574,0.87116295
REF,102,74,-0.03170186,2.9842222,0.8563785
REF,102,76,1.4932309,1.5600941,0.8453025
REF,102,78,0.14026488,4.6316323,1.1588097
REF,102,80,2.05675,-2.0241237,0.7058581
REF,102,82,-0.47054654,1.2975558,0.6356761
REF,102,84,-4.05302,4.4499574,1.2362138
REF,102,86,-0.3859662,-1.3037252,0.7544067
REF,102,88,0.49000153,0.66913164,0.645317
REF,102,90,-1.2399148,-2.2442183,1.2184569
REF,102,92,-1.2298611,-0.012302743,1.2298589
REF,102,94,-0.6815603,-2.5604408,1.0223305
REF,102,96,-0.36679155,2.2622416,0.9722202
REF,102,98,-0.61238056,-0.4903513,0.6203555
REF,102,100,-0.050067432,-0.44743818,0.59888357
REF,102,102,4.1670423,3.0425994,1.4152944
REF,102,104,-0.7947728,-0.32047904,0.7428561
REF,102,106,-0.5938687,0.28551462,0.49553022
REF,102,108,-0.21557797,-0.63292724,0.76786065
REF,103,0,-0.022899335,0.8757407,0.18962811
REF,103,2,-0.03869834,0.37266168,0.112662144
REF,103,4,0.05543711,0.107987426,0.09929797
REF,103,6,-0.27802762,0.0008976348,0.09811317
REF,103,8,-1.195082,-1.1158983,0.12250689
REF,103,10,-0.30787718,-0.025887564,0.08644616
REF,103,12,1.1228087,1.2642415,0.37315285
REF,103,14,0.3293751,0.6663717,0.114670254
REF,103,16,0.3750719,3.0573056,0.20806329
REF,103,18,-0.142148,0.18843083,0.13034035
REF,103,20,-0.24549234,-0.03324713,0.08777356
REF,103,22,-0.42990455,-1.2488852,0.19320382
REF,103,24,-0.16211407,0.41821694,0.10872044
REF,103,26,-0.16781601,0.5062491,0.11588608
REF,103,28,0.15090445,0.6200298,0.1363584
REF,103,30,-0.10216997,0.31558505,0.119397394
REF,103,32,-0.11379351,0.4475794,0.10315502
REF,103,34,-0.1896775,0.24799047,0.08932173
REF,103,36,0.1227002,0.04432828,0.09961989
REF,103,38,0.056281812,0.16338338,0.11269562
REF,103,40,-0.04302888,0.14271289,0.120582454
REF,103,42,-0.19710766,0.21931818,0.14033991
REF,103,44,-0.121360585,-0.11289688,0.12894645
REF,103,46,-0.47168708,-0.36647993,0.5266433
REF,103,48,-0.41237897,0.114618786,0.12776072
REF,103,50,-0.30019286,0.028834347,0.12140356
REF,103,52,-0.7583212,0.42548507,0.17469141
REF,103,54,-0.9056586,0.14127773,0.15889446
REF,103,56,0.025549972,-4.535402,0.40477052
REF,103,58,-2.863277,1.3584579,0.29972628
REF,103,60,-0.14600906,0.06666669,0.17657477
REF,103,62,-0.2395105,0.17736426,0.14526871
REF,103,64,-0.26016432,-0.5073394,0.17242059
REF,103,66,-0.07305716,-0.029013287,0.11599466
REF,103,68,-0.27166477,-0.07182548,0.120880716
REF,103,70,-0.23826736,0.046924148,0.13358377
REF,103,72,-0.29613,-3.0924218,0.7835196
REF,103,74,-0.44808996,-0.86329263,0.21550116
REF,103,76,-0.2522477,0.19013631,0.18984261
REF,103,78,-0.62203604,-1.6541743,0.31925127
REF,103,80,-0.8582815,0.55319446,0.28737986
REF,103,82,1.3035697,1.7689764,0.4577882
REF,103,84,-0.714462,-0.24570535,0.22766449
REF,103,86,-0.1953257,-0.06981346,0.13631015
REF,103,88,4.084377,3.328488,1.0167514
REF,103,90,-1.3921695,1.7077292,0.4597311
REF,103,92,-0.85863847,0.5033923,0.54463744
REF,103,94,-0.5356565,0.5203015,0.2406655
REF,103,96,-4.1736026,-0.24782075,0.72712773
REF,103,98,-2.6569848,-0.35321704,0.36170572
REF,103,100,-12.085427,4.275508,0.97669923
REF,103,102,-1.9829122,-0.8914182,0.3614528
REF,103,104,-2.0073566,-1.3280013,0.30735695
REF,103,106,-2.1989775,-1.7029288,0.3855832
REF,103,108,5.847895,-0.56477296,0.5950179
REF,104,0,-2.1657681,-3.0817657,1.1063513
REF,104,2,-0.14509298,-0.80125856,0.5405289
REF,104,4,-0.1571291,-0.6571221,0.39787588
REF,104,6,0.8537851,0.68588394,0.81948084
REF,104,8,-0.14282034,-0.017261408,0.23999098
REF,104,10,-0.5561109,-0.61368465,0.31381762
REF,104,12,-0.012086778,0.4433428,0.34082994
REF,104,14,-1.142847,0.49631518,1.0312829
REF,104,16,3.3038933,8.449758,2.0909374
REF,104,18,0.8175662,0.4381777,0.45845142
REF,104,20,0.7458934,-0.35305476,0.41485706
REF,104,22,1.6319438,-1.3757124,0.48315728
REF,104,24,-0.36844903,-0.07285762,0.29087257
REF,104,26,-0.25526762,-0.021682551,0.28906453
REF,104,28,-0.2563778,-0.016906086,0.23368819
REF,104,30,2.1068864,-1.4327021,1.0379375
REF,104,32,0.03488145,0.5377575,0.46123037
REF,104,34,0.12781455,0.007997105,0.8365019
REF,104,36,2.189838,0.23014393,0.9120491
REF,104,38,-0.21000534,-0.1097095,0.38934484
REF,104,40,-0.35734698,-0.118432686,0.4173133
REF,104,42,2.0969844,1.1499292,1.1182493
REF,104,44,-0.008276866,1.1965598,0.5226666
REF,104,46,-0.12623186,-0.38779357,0.41710335
REF,104,48,-0.6175554,0.18119934,0.48564038
REF,104,50,-0.5915465,-0.31270683,0.4500658
REF,104,52,-0.16358742,-0.39542058,1.1102079
REF,104,54,0.53859943,-1.1751428,1.0030367
REF,104,56,2.046794,-1.1199485,1.2378469
REF,104,58,-2.5734744,0.25900316,1.0115242
REF,104,60,-0.39998662,-0.37211967,0.48973694
REF,104,62,0.08629313,-0.10819544,0.7229098
REF,104,64,-1.2838284,-7.69413,4.688053
REF,104,66,3.2383049,-10.160693,4.64674
REF,104,68,-0.14667632,-0.44974586,1.140699
REF,104,70,-2.4701843,-0.55862635,1.6210091
REF,104,72,-0.25383404,-1.8435156,1.2339699
REF,104,74,-0.91418976,1.2815634,1.1884484
REF,104,76,0.19557406,-0.79166394,0.86292756
REF,104,78,-0.92124724,-0.50979185,1.8143091
REF,104,80,0.13804391,-0.8338111,1.4647332
REF,104,82,-0.64173317,0.10122977,0.73303473
REF,104,84,-1.4700755,0.8238754,0.9595008
REF,104,86,-0.3145021,1.4798297,1.6274537
REF,104,88,-0.41471398,-1.3204215,1.1305584
REF,104,90,2.2374265,1.058904,1.9734433
REF,104,92,-0.68830323,1.4543892,1.0896442
REF,104,94,0.21400103,-0.40862337,0.745954
REF,104,96,-0.15699635,0.049178008,0.95886713
REF,104,98,-0.5660371,-0.5299004,0.63210934
REF,104,100,-1.177319,0.2697999,1.0397786
REF,104,102,-1.1827325,-0.18902294,0.91166604
REF,104,104,-0.6939003,1.01874,1.0123624
REF,104,106,-0.37087572,0.36646456,0.8952673
REF,104,108,0.1985396,-0.51923525,0.9378966
REF,105,0,-0.181904,0.03921529,0.11891912
REF,105,2,-0.2725278,-0.030299846,0.14717814
REF,105,4,-1.7647761,2.5015142,0.6469864
REF,105,6,1.6236373,0.44672593,0.60791075
REF,105,8,0.21534918,-2.8079286,0.5522009
REF,105,10,-0.57274365,0.81887794,0.63800067
REF,105,12,0.057865378,-0.032097686,0.15731676
REF,105,14,0.023586381,4.5882416,0.5017664
REF,105,16,-3.12488,-2.5953214,0.41978288
REF,105,18,-1.0331395,2.1097689,0.5996581
REF,105,20,-0.35158858,-0.21263885,0.164629
REF,105,22,-0.11858871,-0.2347921,0.27040157
REF,105,24,0.07708668,0.1953135,0.26447293
REF,105,26,-0.020848803,-0.30643508,0.30521348
REF,105,28,0.7353649,2.1185434,0.69083285
REF,105,30,1.4006859,5.1292973,0.89362043
REF,105,32,0.059896186,0.9036447,0.3088741
REF,105,34,-0.3868533,1.6394081,0.32979998
REF,105,36,-2.8609717,5.1058846,0.6835657
REF,105,38,-0.6884973,-0.42545307,0.56216973
REF,105,40,0.16461095,0.07680646,0.25840038
REF,105,42,-0.124158025,3.4791205,0.37971267
REF,105,44,-0.7392516,0.6248481,0.28027233
REF,105,46,-0.9962792,-1.4261396,0.38070226
REF,105,48,-0.49968195,0.43289274,0.32052556
REF,105,50,-0.14056523,6.081561,0.764773
REF,105,52,2.1976058,0.9545475,0.432574
REF,105,54,0.15665248,-1.2134728,0.29634416
REF,105,56,-0.025861574,-0.4383227,0.3631483
REF,105,58,0.9353124,-1.5046651,0.5100809
REF,105,60,-1.2707195,0.7650656,0.46655178
REF,105,62,-0.5346504,-0.29015064,0.34832028
REF,105,64,-1.8282288,1.1788944,0.7912214
REF,105,66,-4.0868816,3.581119,1.3332386
REF,105,68,-1.8689159,0.7381103,1.019186
REF,105,70,0.8096223,2.2515538,0.5190059
REF,105,72,-4.9841185,1.4077761,1.2296555
REF,105,74,0.794543,0.5791676,0.54269195
REF,105,76,3.7997599,-7.08104,1.1746113
REF,105,78,-0.76735896,0.42219493,0.39897573
REF,105,80,1.3216517,1.0333489,0.75998336
REF,105,82,-0.3578624,1.3266344,1.093348
REF,105,84,-0.49802142,-0.03500735,0.35968253
REF,105,86,-0.73287916,8.744504,2.104159
REF,105,88,2.32966,-0.39970025,0.8984752
REF,105,90,-0.18976554,1.0889853,0.8112697
REF,105,92,-0.58101356,-1.6774155,0.7503453
REF,105,94,1.1110283,2.2003794,1.433549
REF,105,96,-0.054991297,-0.8604772,0.3868222
REF,105,98,3.5992308,5.1166487,1.3569713
REF,105,100,0.18725011,0.031134669,0.37762168
REF,105,102,-0.58386654,-0.6798173,0.41674086
REF,105,104,-2.0331619,2.4657896,1.2010063
REF,105,106,2.991971,-2.6804338,1.0052143
REF,105,108,1.4116111,-0.46702206,0.7698952
REF,106,0,-0.09417841,0.6454998,0.2752358
REF,106,2,0.50984627,-0.8147683,0.4037965
REF,106,4,1.6267495,-0.79592985,0.38700512
REF,106,6,-0.690956,2.5096009,0.7012438
REF,106,8,-0.63989484,-0.22901161,0.40579635
REF,106,10,-0.57110226,-0.53549486,0.4157934
REF,106,12,-0.2367449,0.023004305,0.22874969
REF,106,14,-0.4253213,0.20549905,0.2832953
REF,106,16,0.6046785,2.3959477,1.6066765
REF,106,18,-1.1830974,2.8936145,1.406567
REF,106,20,-0.93216157,0.11234264,0.85081375
REF,106,22,-1.0234278,-0.24504766,1.1728332
REF,106,24,-0.49613318,0.6794189,0.44531175
REF,106,26,-0.31938928,-0.21182273,0.40543577
REF,106,28,-0.30145013,-0.57841486,0.46933585
REF,106,30,1.1865742,-0.25516963,1.0447743
REF,106,32,-0.46355245,0.3699101,0.41289648
REF,106,34,2.8574507,2.9720857,1.5421677
REF,106,36,0.069445014,1.3646111,2.2343178
REF,106,38,0.04356947,0.14972796,0.7341981
REF,106,40,3.014878,-6.0487514,1.5633379
REF,106,42,-0.19731805,0.52415913,0.531708
REF,106,44,0.14834954,3.0698633,1.1039002
REF,106,46,-0.319156,-0.08896789,0.3931054
REF,106,48,-0.2389023,1.1956576,0.5775944
REF,106,50,-0.5983941,0.17305478,0.455007
REF,106,52,-0.5174679,0.29532877,0.49983323
REF,106,54,-0.33902234,-0.12186949,0.43696496
REF,106,56,-0.5092824,1.6167927,0.942058
REF,106,58,-0.7658384,0.6228959,0.9179052
REF,106,60,-3.343394,-1.3148028,2.459317
REF,106,62,-0.7061681,2.4394996,1.0584866
REF,106,64,-0.4490895,0.21700987,0.64521015
REF,106,66,-0.09707007,-0.3115018,0.8470986
REF,106,68,-0.18213628,-0.21356437,1.3498546
REF,106,70,0.6011096,-4.2570972,1.5089406
REF,106,72,0.8129648,-0.939495,1.3269053
REF,106,74,-0.3508628,0.35159957,0.7687983
REF,106,76,1.538367,-0.8530264,1.5836513
REF,106,78,-0.94834757,0.30678985,0.832483
REF,106,80,-0.80724555,0.12573697,0.75967354
REF,106,82,-0.60959214,-0.26250187,0.6699185
REF,106,84,2.9379005,-6.4171715,4.1405663
REF,106,86,0.05527887,-0.6080119,1.0049945
REF,106,88,0.026666747,4.0519676,2.0648487
REF,106,90,-0.68567157,0.14484134,0.6533127
REF,106,92,-0.55951613,-0.32430783,0.6457508
REF,106,94,1.1795008,2.7685664,1.304343
REF,106,96,1.932308,0.5745483,1.6823406
REF,106,98,-0.28112218,0.0864115,0.8779392
REF,106,100,-1.186249,-4.035613,2.1736648
REF,106,102,0.11710843,-0.43093458,1.1911248
REF,106,104,0.331549,-2.5846534,1.0726799
REF,106,106,-0.33121806,0.16406153,0.7083319
REF,106,108,1.8537627,-2.2319388,1.8487041
REF,107,0,1.4957985,-0.42171413,0.5836954
REF,107,2,-0.29664466,-2.3228204,0.67425084
REF,107,4,-0.014456552,0.096270315,0.27758387
REF,107,6,0.08521562,0.10504335,0.21180898
REF,107,8,-1.0686332,-2.4381802,0.89028174
REF,107,10,-0.061788987,1.2110233,0.32780266
REF,107,12,-0.41457772,0.023779485,0.37665612
REF,107,14,-0.9671107,-0.4891021,0.29865828
REF,107,16,0.1282708,-0.3611128,0.30896625
REF,107,18,-0.94679564,1.4475237,0.39210835
REF,107,20,0.21344022,-1.0106491,0.40311962
REF,107,22,-0.061931767,1.5803128,0.6443843
REF,107,24,-3.304287,2.4574687,0.6759488
REF,107,26,0.13928036,-1.1250156,0.3205874
REF,107,28,0.067780204,-0.7617645,0.52317834
REF,107,30,3.4054606,-10.845877,1.9842954
REF,107,32,-1.6764929,0.6688882,0.68874985
REF,107,34,-0.42803645,0.59261084,0.41878211
REF,107,36,-0.6112561,0.29802498,0.47872335
REF,107,38,-0.90243644,0.9373332,0.5324608
REF,107,40,-0.77713996,0.10615148,0.52488667
REF,107,42,0.8570231,-1.024985,0.74246335
REF,107,44,-3.8424625,4.6039486,2.5856192
REF,107,46,1.257541,0.6280403,1.7957473
REF,107,48,-0.4782551,1.1590263,0.5722317
REF,107,50,-0.41082186,1.030062,1.0550658
REF,107,52,0.13757314,1.450798,1.2313697
REF,107,54,5.269003,4.672691,2.496932
REF,107,56,0.24530075,3.8114862,1.2099541
REF,107,58,-0.63309085,0.31150925,0.4543831
REF,107,60,-0.5648189,-0.42635173,0.46596476
REF,107,62,-0.9300767,5.919373,2.1599839
REF,107,64,-2.4410737,1.4552735,0.85595685
REF,107,66,0.5690995,0.13220346,1.0162293
REF,107,68,-1.8210593,1.2953609,0.8461388
REF,107,70,-2.1259668,4.5546308,2.9586344
REF,107,72,0.89906067,-1.9072357,1.023397
REF,107,74,-1.3279384,-0.5004466,0.69519264
REF,107,76,-0.47994497,-0.41352746,0.52888364
REF,107,78,-0.6371034,-0.64163774,1.151524
REF,107,80,-0.9938845,0.10129406,0.7498266
REF,107,82,-2.8902924,-2.6765752,1.8131903
REF,107,84,2.0435534,-5.8379707,3.506228
REF,107,86,-0.44633055,-1.4686432,1.5596815
REF,107,88,2.61609,-6.9804497,2.2983847
REF,107,90,-0.9357492,-0.85096896,0.80631316
REF,107,92,-1.5078326,-1.4328672,1.2879404
REF,107,94,-0.6210068,-0.5425392,0.6220084
REF,107,96,0.7048133,0.21024731,1.9605491
REF,107,98,2.79633,-2.9484813,1.2114555
REF,107,100,-1.1026214,1.1580772,1.3509982
REF,107,102,0.52522063,1.0030229,0.9500282
REF,107,104,-4.590477,0.43332693,1.5664197
REF,107,106,-0.81577665,-1.9212482,2.7460055
REF,107,108,0.27568966,-1.146007,1.5583364
REF,108,0,0.033560246,-0.47842222,0.20995277
REF,108,2,-1.2808638,3.7090175,0.35713398
REF,108,4,-5.78868,2.5665011,0.9738007
REF,108,6,-0.3584505,4.7774806,1.0870135
REF,108,8,-0.10052215,0.09371371,0.32240623
REF,108,10,0.8134035,4.519438,0.8501907
REF,108,12,-0.41103008,-0.05374346,0.2278792
REF,108,14,-1.4133687,1.6021025,0.44686285
REF,108,16,4.258935,0.29168552,1.2969306
REF,108,18,-0.1428242,0.66338354,0.26473483
REF,108,20,-0.41028097,0.31705067,0.23995121
REF,108,22,-0.23521861,0.24728975,0.2338766
REF,108,24,3.302781,2.700858,0.47214893
REF,108,26,0.76025516,2.7301183,0.5917641
REF,108,28,1.3100773,1.584243,0.46637654
REF,108,30,-0.19879413,-0.041273788,0.36295012
REF,108,32,-0.44813496,-0.038641848,0.27152848
REF,108,34,-0.8691006,-1.0745999,0.45852825
REF,108,36,-3.7535894,1.3183736,0.8822383
REF,108,38,-1.6963383,-0.02777295,0.6362158
REF,108,40,-3.5379505,1.1992291,0.7240099
REF,108,42,-0.8000252,1.4279523,0.6404817
REF,108,44,-8.214899,3.6581283,2.1334138
REF,108,46,6.375813,-3.8291235,1.4264988
REF,108,48,-0.7001305,-1.1863359,0.6634975
REF,108,50,-0.62791485,1.0906553,0.6807551
REF,108,52,-0.6666768,0.51565063,0.93572265
REF,108,54,1.2908238,-0.40032527,1.0779623
REF,108,56,0.04462747,0.55324346,0.71944875
REF,108,58,-0.0048153508,0.85623133,0.59407616
REF,108,60,3.9314036,0.04459609,1.633877
REF,108,62,0.4847892,-1.0703818,0.589033
REF,108,64,0.16904105,-0.30945042,0.8213462
REF,108,66,1.6914059,0.58961135,1.1786449
REF,108,68,5.8276153,-3.4378157,1.6966475
REF,108,70,-5.790772,5.3601413,1.8286436
REF,108,72,-0.7377708,-2.1498604,1.864921
REF,108,74,-0.15179071,0.47787562,0.47612414
REF,108,76,-0.40693066,0.36835212,0.45861188
REF,108,78,-0.4134256,0.27824044,0.45964432
REF,108,80,-0.27297574,-0.16079018,0.61952454
REF,108,82,-1.4249526,2.929479,1.2242568
REF,108,84,-0.8761445,-1.300845,0.6871986
REF,108,86,-0.7640816,0.025533682,0.67287546
REF,108,88,-0.9629285,1.3749273,0.69034487
REF,108,90,0.5136626,-0.83218086,1.0852561
REF,108,92,-0.010876029,-0.015036399,0.68988365
REF,108,94,1.407419,2.4441826,1.0127796
REF,108,96,-0.07991632,0.35389727,0.58354664
REF,108,98,-1.0679336,-0.03450086,0.7004476
REF,108,100,-0.45856944,0.2620045,0.6002032
REF,108,102,4.270129,-1.4629178,1.7553003
REF,108,104,-0.11415427,0.03204691,0.7109581
REF,108,106,4.7034802,-5.6902294,1.6176096
REF,108,108,-1.3639052,-0.42299992,1.0388336
REF,109,0,1.514331,4.693591,2.2402515
REF,109,2,-2.174406,-0.75015604,0.84870625
REF,109,4,-3.1556349,-1.4753132,1.1090943
REF,109,6,-0.017519731,0.509898,0.60974616
REF,109,8,-0.50562364,-1.0912987,0.98112535
REF,109,10,-0.27460822,-0.49245661,0.7749692
REF,109,12,-0.92010546,-0.696003,0.9116407
REF,109,14,-2.6856213,-4.2726502,2.347509
REF,109,16,1.5780407,-1.9796841,2.2368896
REF,109,18,-1.2231559,0.2997304,1.0731893
REF,109,20,-2.5844727,0.5649723,1.1086464
REF,109,22,-1.8732723,0.852563,0.838553
REF,109,24,-0.020366756,2.7228668,1.584922
REF,109,26,-0.50705314,-1.9893126,1.4316372
REF,109,28,-0.7097455,-0.8369025,0.6423197
REF,109,30,-0.9602158,-0.38378403,1.0355775
REF,109,32,-2.1880584,-1.6555831,1.5188179
REF,109,34,-0.58308935,-0.77496153,0.7728546
REF,109,36,-1.31858,-5.257369,2.5978816
REF,109,38,0.84077156,-2.174953,1.3111769
REF,109,40,-0.7699,-0.26207063,0.90254176
REF,109,42,-0.6414046,0.21537615,0.6606973
REF,109,44,-0.7812733,-0.0019507845,0.69392115
REF,109,46,-0.55202645,-0.42073387,0.80302125
REF,109,48,-0.09587419,-2.1696296,3.1138663
REF,109,50,-0.968406,-0.60867876,1.0734879
REF,109,52,-0.10544061,0.8535451,1.2758493
REF,109,54,-1.3072838,-0.40649593,0.9911127
REF,109,56,1.6290189,-0.16100807,2.201273
REF,109,58,-0.36690226,-1.6020682,1.4423184
REF,109,60,-1.8335346,1.0828778,1.7551223
REF,109,62,0.36151204,-2.5100727,2.131695
REF,109,64,-1.1703779,0.5562332,1.6703537
REF,109,66,-3.9136815,-5.2859864,2.6685152
REF,109,68,-1.705726,-1.2469536,2.4113138
REF,109,70,-1.5411507,-1.6548837,1.967978
REF,109,72,0.9498267,-2.7185762,4.0276723
REF,109,74,-2.0029771,-1.2774633,1.9869801
REF,109,76,-0.012926924,-1.9510945,1.7082311
REF,109,78,-0.6038517,-0.82366145,1.2761441
REF,109,80,-1.6227208,-0.7610382,1.5045727
REF,109,82,-0.43889484,-1.2652332,1.4699728
REF,109,84,-1.0846914,-1.9501643,1.9673778
REF,109,86,-0.9563912,-0.25916907,1.4377288
REF,109,88,-1.7021163,-4.4437413,3.4194233
REF,109,90,-2.9731228,0.49899402,2.9464958
REF,109,92,-0.53859293,0.26527393,2.200702
REF,109,94,-0.6280949,-2.2182083,2.4920897
REF,109,96,-0.85989887,-0.654324,2.1373596
REF,109,98,0.17406833,-1.8548552,3.0087445
REF,109,100,-3.4398518,-3.673526,2.9757593
REF,109,102,-0.6220866,0.20016295,2.218637
REF,109,104,-1.8118604,-0.9118027,2.7484667
REF,109,106,-1.9987048,0.9764298,1.7605714
REF,109,108,-1.895912,-1.2632004,2.3114238
REF,110,0,0.2896928,0.3571928,0.3702095
REF,110,2,-1.3937812,-0.8269695,0.56237876
REF,110,4,-0.73707545,-0.014538376,0.40471283
REF,110,6,-4.0736313,1.7456515,1.7598026
REF,110,8,-1.1455412,2.2973983,0.94402206
REF,110,10,-0.12524821,-0.3440672,0.44201252
REF,110,12,-0.95363617,0.23486029,0.70059484
REF,110,14,-0.43514335,0.13321587,0.33343658
REF,110,16,-0.5505856,-0.4265926,0.5691229
REF,110,18,0.06135378,0.71871334,0.6070816
REF,110,20,0.5139637,-0.03719993,0.36278433
REF,110,22,0.56615597,1.6186303,0.76724285
REF,110,24,-1.8247015,1.056711,0.65234965
REF,110,26,-0.18784484,-0.21225433,0.35027352
REF,110,28,-0.18094085,-0.20828001,0.3033448
REF,110,30,1.296589,1.0654278,2.2248418
REF,110,32,-0.64021516,6.831899,0.91690946
REF,110,34,-0.25983876,0.20170105,0.33609372
REF,110,36,-0.20726748,-0.002527137,0.4002942
REF,110,38,0.774846,-0.8018064,0.53985083
REF,110,40,-0.06420349,-0.948872,0.48334083
REF,110,42,0.43373078,-0.40701666,0.6245736
REF,110,44,0.2686523,-0.12658675,0.4751123
REF,110,46,-0.10189391,0.52972037,0.35400745
REF,110,48,-0.93227375,-1.8154438,0.5916924
REF,110,50,-0.16692737,0.037212536,0.41840214
REF,110,52,-0.66467404,-0.6103122,0.48223093
REF,110,54,0.14523903,-0.66295743,1.1569206
REF,110,56,-0.1632654,-1.2461187,0.6873751
REF,110,58,-1.5978061,-1.3214078,1.4072459
REF,110,60,-1.9239205,0.4641209,1.8191441
REF,110,62,0.32254243,2.255592,1.5433874
REF,110,64,-0.49496263,1.6235548,0.694166
REF,110,66,-0.50119025,0.35481167,0.7488637
REF,110,68,-0.7813531,-1.2726413,0.6689411
REF,110,70,0.06628448,-3.5023613,1.8072454
REF,110,72,4.944194,-5.7758203,1.7038728
REF,110,74,0.03844932,0.21743494,1.0111004
REF,110,76,-1.114698,0.4965325,0.85070103
REF,110,78,-1.6155574,0.09672864,1.7473434
REF,110,80,0.8162963,2.7986033,2.8783135
REF,110,82,-0.954242,2.0986152,1.6154993
REF,110,84,1.0548204,0.97714937,1.7256532
REF,110,86,-0.8698412,0.18933724,1.2289176
REF,110,88,-6.4415846,-3.4557102,2.0164053
REF,110,90,-1.04238,-1.1860565,1.0817393
REF,110,92,-0.77304584,1.3434114,1.2326857
REF,110,94,-2.057282,1.1662768,1.8552922
REF,110,96,2.6983721,-1.6895217,2.3961265
REF,110,98,-0.6581916,0.96521187,0.88244003
REF,110,100,0.25318024,-1.121232,1.5366303
REF,110,102,-0.29678172,-1.5577201,1.421294
REF,110,104,-3.5048165,1.7829678,2.5257504
REF,110,106,-2.8909042,2.0611198,2.475404
REF,110,108,-1.595004,-2.398543,2.7609398
